{
	"class_name" : "PinholeCameraParameters",
	"extrinsic" : 
	[
		1.0,
		-0.0,
		-0.0,
		0.0,
		0.0,
		-1.0,
		-0.0,
		0.0,
		0.0,
		-0.0,
		-1.0,
		0.0,
		0.5546303168997937,
		-0.0035468143869429314,
		3.3230607082645185,
		1.0
	],
	"intrinsic" : 
	{
		"height" : 958,
		"intrinsic_matrix" : 
		[
			829.65233682549228,
			0.0,
			0.0,
			0.0,
			829.65233682549228,
			0.0,
			512.0,
			478.5,
			1.0
		],
		"width" : 1025
	},
	"version_major" : 1,
	"version_minor" : 0
}