{
	"class_name" : "PinholeCameraParameters",
	"extrinsic" : 
	[
		0.93486218983189207,
		0.046425719448727656,
		-0.35196212665056381,
		0.0,
		-0.087087449691370639,
		-0.93112949657945099,
		-0.35413787810110231,
		0.0,
		-0.34416342357806196,
		0.36172159622196498,
		-0.86643466268245595,
		0.0,
		0.2962159519107061,
		0.057971405096570616,
		1.1498518946744829,
		1.0
	],
	"intrinsic" : 
	{
		"height" : 1023,
		"intrinsic_matrix" : 
		[
			885.94398807148082,
			0.0,
			0.0,
			0.0,
			885.94398807148082,
			0.0,
			512.0,
			511.0,
			1.0
		],
		"width" : 1025
	},
	"version_major" : 1,
	"version_minor" : 0
}