{
	"class_name" : "PinholeCameraParameters",
	"extrinsic" : 
	[
		1.0,
		-0.0,
		-0.0,
		0.0,
		0.0,
		-1.0,
		-0.0,
		0.0,
		0.0,
		-0.0,
		-1.0,
		0.0,
		0.39107853174209595,
		0.025513529777526855,
		2.2831517084255228,
		1.0
	],
	"intrinsic" : 
	{
		"height" : 1023,
		"intrinsic_matrix" : 
		[
			885.94398807148082,
			0.0,
			0.0,
			0.0,
			885.94398807148082,
			0.0,
			512.0,
			511.0,
			1.0
		],
		"width" : 1025
	},
	"version_major" : 1,
	"version_minor" : 0
}